{
  "H_form": {
    "waic": {
      "elpd_waic": -2965.937764455033,
      "se": 166.09177633735894,
      "p_waic": 61.375435998233584,
      "waic": 5931.875528910066
    },
    "loo": {
      "elpd_loo": -2966.1233681545273,
      "se": 166.08840765956128,
      "p_loo": 61.56103969772812,
      "loo": 5932.2467363090545,
      "pareto_k": {
        "good": 1711,
        "ok": 3,
        "bad": 3,
        "very_bad": 23
      }
    }
  },
  "B_form": {
    "waic": {
      "elpd_waic": -3349.509451267906,
      "se": 162.70573834624847,
      "p_waic": 77.32494447306405,
      "waic": 6699.018902535812
    },
    "loo": {
      "elpd_loo": -3348.8610636385456,
      "se": 162.71623675681658,
      "p_loo": 76.67655684370311,
      "loo": 6697.722127277091,
      "pareto_k": {
        "good": 1714,
        "ok": 0,
        "bad": 0,
        "very_bad": 26
      }
    }
  },
  "comparison": {
    "waic": {
      "delta_elpd": 383.57168681287294,
      "se_diff": 232.50728044019854,
      "winner": "引き分け（有意差なし）"
    },
    "loo": {
      "delta_elpd": 382.73769548401833,
      "se_diff": 232.51222088997605,
      "winner": "引き分け（有意差なし）"
    },
    "final_winner": "引き分け（有意差なし）",
    "confidence": "高（WAICとLOOが一致）"
  }
}