{
  "timestamp": "2026-01-11 07:00:31",
  "model_form": "H",
  "n_parameters": 12,
  "final_cost": 147482.33762949082,
  "condition_number": 384953.4276457637,
  "global_params": {
    "g": 1.924945723200132,
    "a": 4.999999999999978,
    "B4": 0.029999964063883135,
    "B6": -0.000999843713705877,
    "eps": 14.000859207005313
  },
  "shared_gamma": [
    0.024456848992188262,
    0.01297379547606775,
    0.11592708266341333,
    0.09499891575143789,
    0.01000000000003195,
    0.010000000000164764,
    0.010000000715642303
  ]
}