{
  "H_form": {
    "waic": {
      "elpd_waic": -2965.9353437844525,
      "se": 166.1040554559338,
      "p_waic": 61.84379956374845,
      "waic": 5931.870687568905
    },
    "loo": {
      "elpd_loo": -2966.208582265431,
      "se": 166.10191750565323,
      "p_loo": 62.11703804472654,
      "loo": 5932.417164530862,
      "pareto_k": {
        "good": 1711,
        "ok": 4,
        "bad": 2,
        "very_bad": 23
      }
    }
  },
  "B_form": {
    "waic": {
      "elpd_waic": -3350.186470645739,
      "se": 162.70792626437682,
      "p_waic": 78.44660803203003,
      "waic": 6700.372941291478
    },
    "loo": {
      "elpd_loo": -3349.564990869463,
      "se": 162.71836196719167,
      "p_loo": 77.82512825575395,
      "loo": 6699.129981738926,
      "pareto_k": {
        "good": 1691,
        "ok": 23,
        "bad": 0,
        "very_bad": 26
      }
    }
  },
  "comparison": {
    "waic": {
      "delta_elpd": 384.2511268612866,
      "se_diff": 232.51758322363887,
      "winner": "引き分け（有意差なし）"
    },
    "loo": {
      "delta_elpd": 383.35640860403237,
      "se_diff": 232.52335865529906,
      "winner": "引き分け（有意差なし）"
    },
    "final_winner": "引き分け（有意差なし）",
    "confidence": "高（WAICとLOOが一致）"
  }
}