{
  "timestamp": "2026-01-11 07:00:24",
  "model_form": "B",
  "n_parameters": 12,
  "final_cost": 139482.0597759756,
  "condition_number": 1147926.524832671,
  "global_params": {
    "g": 2.086386694420959,
    "a": 5.0,
    "B4": 0.00015923456650256354,
    "B6": -0.0009989213459474107,
    "eps": 14.131304434855881
  },
  "shared_gamma": [
    0.02369694321391023,
    0.14445674526618443,
    0.1148006694657057,
    0.010000000000000002,
    0.010000000000000002,
    0.02826577868188102,
    0.010000000000232998
  ]
}